{
  "lp_name": "TeksCapital",
  "rbtc_wallet": "0x82A06eBdb97776a2DA4041DF8F2b2Ea8d3257852",
  "btc_wallet": "1D2xucTYkxCHvaaZuaKVJTfZQWr4PUjzAy",
  "fetched_at": "2026-03-12T14:54:08Z",
  "pegin_rbtc": 19.23645850104088,
  "pegout_btc": 16.0693762,
  "btc_utxo_count": 3,
  "btc_utxos": [
    {
      "value_btc": 12.35842299,
      "confirmed": true
    },
    {
      "value_btc": 1.00619364,
      "confirmed": true
    },
    {
      "value_btc": 2.70475957,
      "confirmed": true
    }
  ],
  "btc_mempool_tx_count": 0,
  "lps_pegin_rbtc": 21.02912235880183,
  "lps_pegout_btc": 16.0693762
}